,img1,img2,img3,flow
0,ambush_6/frame_0001.png,ambush_6/frame_0002.png,ambush_6/frame_0003.png,ambush_6/frame_0001.flo
1,ambush_6/frame_0002.png,ambush_6/frame_0003.png,ambush_6/frame_0004.png,ambush_6/frame_0002.flo
2,ambush_6/frame_0003.png,ambush_6/frame_0004.png,ambush_6/frame_0005.png,ambush_6/frame_0003.flo
3,ambush_6/frame_0005.png,ambush_6/frame_0006.png,ambush_6/frame_0007.png,ambush_6/frame_0005.flo
4,ambush_6/frame_0006.png,ambush_6/frame_0007.png,ambush_6/frame_0008.png,ambush_6/frame_0006.flo
5,ambush_6/frame_0007.png,ambush_6/frame_0008.png,ambush_6/frame_0009.png,ambush_6/frame_0007.flo
6,ambush_6/frame_0008.png,ambush_6/frame_0009.png,ambush_6/frame_0010.png,ambush_6/frame_0008.flo
7,ambush_6/frame_0009.png,ambush_6/frame_0010.png,ambush_6/frame_0011.png,ambush_6/frame_0009.flo
8,ambush_6/frame_0011.png,ambush_6/frame_0012.png,ambush_6/frame_0013.png,ambush_6/frame_0011.flo
9,ambush_6/frame_0012.png,ambush_6/frame_0013.png,ambush_6/frame_0014.png,ambush_6/frame_0012.flo
10,ambush_6/frame_0013.png,ambush_6/frame_0014.png,ambush_6/frame_0015.png,ambush_6/frame_0013.flo
11,ambush_6/frame_0014.png,ambush_6/frame_0015.png,ambush_6/frame_0016.png,ambush_6/frame_0014.flo
12,ambush_6/frame_0015.png,ambush_6/frame_0016.png,ambush_6/frame_0017.png,ambush_6/frame_0015.flo
13,ambush_6/frame_0016.png,ambush_6/frame_0017.png,ambush_6/frame_0018.png,ambush_6/frame_0016.flo
14,ambush_6/frame_0017.png,ambush_6/frame_0018.png,ambush_6/frame_0019.png,ambush_6/frame_0017.flo
15,ambush_6/frame_0018.png,ambush_6/frame_0019.png,ambush_6/frame_0020.png,ambush_6/frame_0018.flo
